question,answer
How is the GDP chaning in Uganda?,"In year 2000, the GDP is 6193246837.1; In year 2001, the GDP is 5840503868.57; In year 2002, the GDP is 5840503868.57; In year 2003, the GDP is 6606884273.85; In year 2004, the GDP is 7939487548.41; In year 2005, the GDP is 9239221760.48; In year 2006, the GDP is 9977647685.29; In year 2007, the GDP is 11902564496.69; In year 2008, the GDP is 14440404136.57; In year 2009, the GDP is 25127805566.45; In year 2010, the GDP is 26673441432.46; In year 2011, the GDP is 27871725245.17; In year 2012, the GDP is 27305915907.99; In year 2013, the GDP is 28915786520.39; In year 2014, the GDP is 32612397253.24; In year 2015, the GDP is 32387183733.02; In year 2016, the GDP is 29203988697.46; In year 2017, the GDP is 30744473839.74; In year 2018, the GDP is 32927025621.38; In year 2019, the GDP is 35348155092.29; In year 2020, the GDP is 37605430214.35; In year 2021, the GDP is 40510241365.9; In year 2022, the GDP is 45559202048.73; "
How is the GDP chaning in Burundi?,"In year 2000, the GDP is 870486065.88; In year 2001, the GDP is 876794723.07; In year 2002, the GDP is 825394519.72; In year 2003, the GDP is 784654423.62; In year 2004, the GDP is 915257323.4; In year 2005, the GDP is 1117113080.08; In year 2006, the GDP is 1273375078.45; In year 2007, the GDP is 1356199386.8; In year 2008, the GDP is 1611835856.59; In year 2009, the GDP is 1781455140.34; In year 2010, the GDP is 2032135191.46; In year 2011, the GDP is 2235820808.73; In year 2012, the GDP is 2333341334.46; In year 2013, the GDP is 2451606631.77; In year 2014, the GDP is 2705783330.39; In year 2015, the GDP is 3104003545.61; In year 2016, the GDP is 2644487777.24; In year 2017, the GDP is 2723586962.19; In year 2018, the GDP is 2667182198.98; In year 2019, the GDP is 2576518879.4; In year 2020, the GDP is 2649680261.01; In year 2021, the GDP is 2775798697.16; In year 2022, the GDP is 3073414677.84; "
How is the GDP chaning in Djibouti?,"In year 2000, the GDP is 551230861.86; In year 2001, the GDP is 572417440.82; In year 2002, the GDP is 591122039.6; In year 2003, the GDP is 622044665.52; In year 2004, the GDP is 666072101.78; In year 2005, the GDP is 708633194.73; In year 2006, the GDP is 768873684.03; In year 2007, the GDP is 847918929.11; In year 2008, the GDP is 999105339.27; In year 2009, the GDP is 1049110684.72; In year 2010, the GDP is 1128611700.36; In year 2011, the GDP is 1239144501.78; In year 2012, the GDP is 1353632941.52; In year 2013, the GDP is 2042817162.86; In year 2014, the GDP is 2214679081.26; In year 2015, the GDP is 2424391785.44; In year 2016, the GDP is 2604955228.7; In year 2017, the GDP is 2762581334.23; In year 2018, the GDP is 2913466732.13; In year 2019, the GDP is 3088853638.57; In year 2020, the GDP is 3181071153.66; In year 2021, the GDP is 3372287461.81; In year 2022, the GDP is 3515109075.46; "
How is the GDP chaning in Zambia?,"In year 2000, the GDP is 3600631918.51; In year 2001, the GDP is 4094441301.21; In year 2002, the GDP is 4193850445.43; In year 2003, the GDP is 4901869715.9; In year 2004, the GDP is 6221109716.4; In year 2005, the GDP is 8331870169.15; In year 2006, the GDP is 12756858899.28; In year 2007, the GDP is 14056957976.26; In year 2008, the GDP is 17910858637.9; In year 2009, the GDP is 15328342303.96; In year 2010, the GDP is 20265559483.85; In year 2011, the GDP is 23459515275.58; In year 2012, the GDP is 25503060420.03; In year 2013, the GDP is 28037239462.71; In year 2014, the GDP is 27141023558.08; In year 2015, the GDP is 21251216798.78; In year 2016, the GDP is 20958412538.31; In year 2017, the GDP is 25873601260.84; In year 2018, the GDP is 26311506435.06; In year 2019, the GDP is 23308667781.23; In year 2020, the GDP is 18110638619.37; In year 2021, the GDP is 22147649568.61; In year 2022, the GDP is 29784454055.94; "
How is the GDP chaning in Zimbabwe?,"In year 2000, the GDP is 6689957600.0; In year 2001, the GDP is 6777384700.0; In year 2002, the GDP is 6342116400.0; In year 2003, the GDP is 5727591800.0; In year 2004, the GDP is 5805598400.0; In year 2005, the GDP is 5755215200.0; In year 2006, the GDP is 5443896500.0; In year 2007, the GDP is 5291950100.0; In year 2008, the GDP is 4415702800.0; In year 2009, the GDP is 9665793300.0; In year 2010, the GDP is 12041655200.0; In year 2011, the GDP is 14101920300.0; In year 2012, the GDP is 17114849900.0; In year 2013, the GDP is 19091020000.0; In year 2014, the GDP is 19495519600.0; In year 2015, the GDP is 19963120600.0; In year 2016, the GDP is 20548678100.0; In year 2017, the GDP is 17584890936.65; In year 2018, the GDP is 34156069918.06; In year 2019, the GDP is 21832234925.5; In year 2020, the GDP is 21509698406.11; In year 2021, the GDP is 28371238665.51; In year 2022, the GDP is 20678055597.73; "
How is the GDP chaning in Kenya?,"In year 2000, the GDP is 12705350153.4; In year 2001, the GDP is 12986007425.88; In year 2002, the GDP is 13147736954.17; In year 2003, the GDP is 14904517649.85; In year 2004, the GDP is 16095337093.84; In year 2005, the GDP is 18737895400.78; In year 2006, the GDP is 25825512277.89; In year 2007, the GDP is 31958195182.24; In year 2008, the GDP is 35895153327.85; In year 2009, the GDP is 42347217912.92; In year 2010, the GDP is 45405615233.07; In year 2011, the GDP is 46869473165.89; In year 2012, the GDP is 56396704833.47; In year 2013, the GDP is 61671440480.69; In year 2014, the GDP is 68285796662.65; In year 2015, the GDP is 70120446663.63; In year 2016, the GDP is 74815143796.4; In year 2017, the GDP is 82036511258.83; In year 2018, the GDP is 92202979940.67; In year 2019, the GDP is 100378435824.18; In year 2020, the GDP is 100657505600.65; In year 2021, the GDP is 109703659312.87; In year 2022, the GDP is 113420008178.79; "
How is the GDP chaning in Union of the Comors?,"In year 2000, the GDP is 351136579.8; In year 2001, the GDP is 378512024.12; In year 2002, the GDP is 425964681.15; In year 2003, the GDP is 546885223.18; In year 2004, the GDP is 633706110.45; In year 2005, the GDP is 653845169.19; In year 2006, the GDP is 698431794.46; In year 2007, the GDP is 795673153.18; In year 2008, the GDP is 915659107.76; In year 2009, the GDP is 905341173.97; In year 2010, the GDP is 907978731.7; In year 2011, the GDP is 1023086272.7; In year 2012, the GDP is 1015843491.25; In year 2013, the GDP is 1116224107.17; In year 2014, the GDP is 1149587659.75; In year 2015, the GDP is 966029599.8; In year 2016, the GDP is 1012835492.52; In year 2017, the GDP is 1077439756.12; In year 2018, the GDP is 1188797449.96; In year 2019, the GDP is 1195019531.04; In year 2020, the GDP is 1225039195.94; In year 2021, the GDP is 1296089479.46; In year 2022, the GDP is 1242519407.28; "
How is the GDP chaning in Mauritius?,"In year 2000, the GDP is 4663321022.23; In year 2001, the GDP is 4613637222.14; In year 2002, the GDP is 4841310239.64; In year 2003, the GDP is 5816559038.55; In year 2004, the GDP is 6578840498.67; In year 2005, the GDP is 6488743119.74; In year 2006, the GDP is 7028810754.78; In year 2007, the GDP is 8150150144.16; In year 2008, the GDP is 9990356849.29; In year 2009, the GDP is 9128843109.16; In year 2010, the GDP is 10003670690.35; In year 2011, the GDP is 11518413429.97; In year 2012, the GDP is 11668696526.23; In year 2013, the GDP is 12292974007.94; In year 2014, the GDP is 13074130094.37; In year 2015, the GDP is 12007291045.65; In year 2016, the GDP is 12594155346.3; In year 2017, the GDP is 13713505998.04; In year 2018, the GDP is 14735695930.97; In year 2019, the GDP is 14436347115.29; In year 2020, the GDP is 11401040995.99; In year 2021, the GDP is 11476433603.78; In year 2022, the GDP is 12898307089.13; "
How is the GDP chaning in Madagascar?,"In year 2000, the GDP is 4629247204.99; In year 2001, the GDP is 5438332600.53; In year 2002, the GDP is 5351701664.71; In year 2003, the GDP is 6372498891.38; In year 2004, the GDP is 5064732625.39; In year 2005, the GDP is 5859269751.64; In year 2006, the GDP is 6395712491.75; In year 2007, the GDP is 8524620890.88; In year 2008, the GDP is 10725137721.56; In year 2009, the GDP is 9616879407.59; In year 2010, the GDP is 9982711338.12; In year 2011, the GDP is 11551819617.63; In year 2012, the GDP is 11578975063.8; In year 2013, the GDP is 12423555457.04; In year 2014, the GDP is 12522957401.04; In year 2015, the GDP is 11323020699.91; In year 2016, the GDP is 11848613859.53; In year 2017, the GDP is 13176313593.55; In year 2018, the GDP is 13760033282.61; In year 2019, the GDP is 14104664677.96; In year 2020, the GDP is 13051441203.45; In year 2021, the GDP is 14554754115.21; In year 2022, the GDP is 14954967604.41; "
How is the GDP chaning in Mayotte?,"In year 2000, the GDP is ; In year 2001, the GDP is ; In year 2002, the GDP is ; In year 2003, the GDP is ; In year 2004, the GDP is ; In year 2005, the GDP is ; In year 2006, the GDP is ; In year 2007, the GDP is ; In year 2008, the GDP is ; In year 2009, the GDP is ; In year 2010, the GDP is ; In year 2011, the GDP is ; In year 2012, the GDP is ; In year 2013, the GDP is ; In year 2014, the GDP is ; In year 2015, the GDP is ; In year 2016, the GDP is ; In year 2017, the GDP is ; In year 2018, the GDP is ; In year 2019, the GDP is ; In year 2020, the GDP is ; In year 2021, the GDP is ; In year 2022, the GDP is ; "
How is the GDP chaning in Malawi?,"In year 2000, the GDP is 2537307566.12; In year 2001, the GDP is 2498008653.14; In year 2002, the GDP is 5087328437.87; In year 2003, the GDP is 4669789300.36; In year 2004, the GDP is 5058726350.49; In year 2005, the GDP is 5320409651.48; In year 2006, the GDP is 5818279739.14; In year 2007, the GDP is 6451210219.12; In year 2008, the GDP is 7743617352.21; In year 2009, the GDP is 9009887946.82; In year 2010, the GDP is 10128323010.6; In year 2011, the GDP is 11648142958.37; In year 2012, the GDP is 8773203178.17; In year 2013, the GDP is 8031571927.62; In year 2014, the GDP is 8801326169.15; In year 2015, the GDP is 9219474373.16; In year 2016, the GDP is 7909868618.46; In year 2017, the GDP is 8943543677.19; In year 2018, the GDP is 9880675785.93; In year 2019, the GDP is 11025371147.19; In year 2020, the GDP is 12056108780.21; In year 2021, the GDP is 12602334123.76; In year 2022, the GDP is 13164667626.94; "
How is the GDP chaning in Mozambique?,"In year 2000, the GDP is 5656473652.41; In year 2001, the GDP is 5398557896.16; In year 2002, the GDP is 5677013628.85; In year 2003, the GDP is 6303399757.82; In year 2004, the GDP is 7631106170.95; In year 2005, the GDP is 8542083074.15; In year 2006, the GDP is 9176896597.17; In year 2007, the GDP is 10450826527.21; In year 2008, the GDP is 12556173242.77; In year 2009, the GDP is 11914471512.77; In year 2010, the GDP is 11104649065.16; In year 2011, the GDP is 14381552466.6; In year 2012, the GDP is 16350813486.99; In year 2013, the GDP is 16974314296.22; In year 2014, the GDP is 17716091057.27; In year 2015, the GDP is 15950979333.16; In year 2016, the GDP is 11936993086.96; In year 2017, the GDP is 13219079497.71; In year 2018, the GDP is 14845400592.67; In year 2019, the GDP is 15390031040.0; In year 2020, the GDP is 14156864916.47; In year 2021, the GDP is 15776757419.52; In year 2022, the GDP is 17851491427.68; "
How is the GDP chaning in Reunion?,"In year 2000, the GDP is ; In year 2001, the GDP is ; In year 2002, the GDP is ; In year 2003, the GDP is ; In year 2004, the GDP is ; In year 2005, the GDP is ; In year 2006, the GDP is ; In year 2007, the GDP is ; In year 2008, the GDP is ; In year 2009, the GDP is ; In year 2010, the GDP is ; In year 2011, the GDP is ; In year 2012, the GDP is ; In year 2013, the GDP is ; In year 2014, the GDP is ; In year 2015, the GDP is ; In year 2016, the GDP is ; In year 2017, the GDP is ; In year 2018, the GDP is ; In year 2019, the GDP is ; In year 2020, the GDP is ; In year 2021, the GDP is ; In year 2022, the GDP is ; "
How is the GDP chaning in Rwanda?,"In year 2000, the GDP is 2068762706.75; In year 2001, the GDP is 1966548409.55; In year 2002, the GDP is 1965932546.36; In year 2003, the GDP is 2138185328.15; In year 2004, the GDP is 2376464519.64; In year 2005, the GDP is 2933765825.28; In year 2006, the GDP is 3319711249.44; In year 2007, the GDP is 4070391531.3; In year 2008, the GDP is 5179804290.63; In year 2009, the GDP is 5674428927.6; In year 2010, the GDP is 6124693374.47; In year 2011, the GDP is 6884907733.0; In year 2012, the GDP is 7654782978.59; In year 2013, the GDP is 7820052084.03; In year 2014, the GDP is 8239042500.29; In year 2015, the GDP is 8543869360.36; In year 2016, the GDP is 8695318854.11; In year 2017, the GDP is 9252833678.09; In year 2018, the GDP is 9636510839.31; In year 2019, the GDP is 10346675636.34; In year 2020, the GDP is 10172925171.59; In year 2021, the GDP is 11055281971.05; In year 2022, the GDP is 13312796765.23; "
How is the GDP chaning in Seyshelles?,"In year 2000, the GDP is 654212432.44; In year 2001, the GDP is 662064193.6; In year 2002, the GDP is 742134792.37; In year 2003, the GDP is 750847276.44; In year 2004, the GDP is 893012218.18; In year 2005, the GDP is 977899381.82; In year 2006, the GDP is 1081441348.63; In year 2007, the GDP is 1077308888.16; In year 2008, the GDP is 979597364.93; In year 2009, the GDP is 851064318.79; In year 2010, the GDP is 981918002.87; In year 2011, the GDP is 1059249939.59; In year 2012, the GDP is 1089880668.38; In year 2013, the GDP is 1324915221.72; In year 2014, the GDP is 1387576413.86; In year 2015, the GDP is 1391427967.33; In year 2016, the GDP is 1458954109.82; In year 2017, the GDP is 1529773286.5; In year 2018, the GDP is 1587813245.28; In year 2019, the GDP is 1645090567.05; In year 2020, the GDP is 1183515397.65; In year 2021, the GDP is 1286687873.18; In year 2022, the GDP is 1588406479.16; "
How is the GDP chaning in Somalia?,"In year 2000, the GDP is ; In year 2001, the GDP is ; In year 2002, the GDP is ; In year 2003, the GDP is ; In year 2004, the GDP is ; In year 2005, the GDP is ; In year 2006, the GDP is ; In year 2007, the GDP is ; In year 2008, the GDP is ; In year 2009, the GDP is ; In year 2010, the GDP is ; In year 2011, the GDP is ; In year 2012, the GDP is ; In year 2013, the GDP is 4577000011.76; In year 2014, the GDP is 5024999991.72; In year 2015, the GDP is 5335000000.0; In year 2016, the GDP is 5534000000.0; In year 2017, the GDP is 5609000000.0; In year 2018, the GDP is 5856000006.22; In year 2019, the GDP is 6485000000.0; In year 2020, the GDP is 6883000000.0; In year 2021, the GDP is 7628000011.46; In year 2022, the GDP is 8126105600.0; "
How is the GDP chaning in Tanzania?,"In year 2000, the GDP is 13375976353.7; In year 2001, the GDP is 13581644245.74; In year 2002, the GDP is 14142035080.28; In year 2003, the GDP is 15224257698.48; In year 2004, the GDP is 16675948414.76; In year 2005, the GDP is 18399046025.27; In year 2006, the GDP is 18649590248.26; In year 2007, the GDP is 21843529024.92; In year 2008, the GDP is 27961527622.72; In year 2009, the GDP is 29081826158.68; In year 2010, the GDP is 32014247547.51; In year 2011, the GDP is 34657141720.68; In year 2012, the GDP is 39650522645.98; In year 2013, the GDP is 45680532613.76; In year 2014, the GDP is 49964825081.11; In year 2015, the GDP is 47378603783.65; In year 2016, the GDP is 49774004999.2; In year 2017, the GDP is 53275968094.85; In year 2018, the GDP is 57003686049.41; In year 2019, the GDP is 61026765850.31; In year 2020, the GDP is 66068737757.27; In year 2021, the GDP is 70655628140.58; In year 2022, the GDP is 75709289056.45; "
How is the GDP chaning in Eritrea?,"In year 2000, the GDP is 706370815.58; In year 2001, the GDP is 752371683.2; In year 2002, the GDP is 729321671.45; In year 2003, the GDP is 870248293.68; In year 2004, the GDP is 1109054005.44; In year 2005, the GDP is 1098424709.49; In year 2006, the GDP is 1211161879.67; In year 2007, the GDP is 1317974491.06; In year 2008, the GDP is 1380188800.0; In year 2009, the GDP is 1856695551.22; In year 2010, the GDP is 1589515447.15; In year 2011, the GDP is 2065001626.02; In year 2012, the GDP is ; In year 2013, the GDP is ; In year 2014, the GDP is ; In year 2015, the GDP is ; In year 2016, the GDP is ; In year 2017, the GDP is ; In year 2018, the GDP is ; In year 2019, the GDP is ; In year 2020, the GDP is ; In year 2021, the GDP is ; In year 2022, the GDP is ; "
How is the GDP chaning in Ethiopia?,"In year 2000, the GDP is 8242349955.05; In year 2001, the GDP is 8231326016.47; In year 2002, the GDP is 7850809498.17; In year 2003, the GDP is 8623691300.04; In year 2004, the GDP is 10131187261.44; In year 2005, the GDP is 12401139453.97; In year 2006, the GDP is 15280861834.6; In year 2007, the GDP is 19707616772.8; In year 2008, the GDP is 27066912635.22; In year 2009, the GDP is 32437389116.04; In year 2010, the GDP is 29933790334.34; In year 2011, the GDP is 31952763089.33; In year 2012, the GDP is 43310721414.08; In year 2013, the GDP is 47648276190.3; In year 2014, the GDP is 55612228233.52; In year 2015, the GDP is 64589329344.69; In year 2016, the GDP is 74296745599.0; In year 2017, the GDP is 81770886908.52; In year 2018, the GDP is 84269196152.03; In year 2019, the GDP is 95912607970.17; In year 2020, the GDP is 107657734392.45; In year 2021, the GDP is 111261882913.34; In year 2022, the GDP is 126783472501.13; "
How is the GDP chaning in South Sudan?,"In year 2000, the GDP is ; In year 2001, the GDP is ; In year 2002, the GDP is ; In year 2003, the GDP is ; In year 2004, the GDP is ; In year 2005, the GDP is ; In year 2006, the GDP is ; In year 2007, the GDP is ; In year 2008, the GDP is 14586253383.06; In year 2009, the GDP is 12231264525.07; In year 2010, the GDP is 14602072410.95; In year 2011, the GDP is 14907308932.75; In year 2012, the GDP is 11931472169.49; In year 2013, the GDP is 18426469016.95; In year 2014, the GDP is 13962212847.46; In year 2015, the GDP is 11997800760.22; In year 2016, the GDP is ; In year 2017, the GDP is ; In year 2018, the GDP is ; In year 2019, the GDP is ; In year 2020, the GDP is ; In year 2021, the GDP is ; In year 2022, the GDP is ; "
How is the GDP chaning in Sudan?,"In year 2000, the GDP is 12257299147.29; In year 2001, the GDP is 15716361539.06; In year 2002, the GDP is 18137126092.28; In year 2003, the GDP is 21355295732.05; In year 2004, the GDP is 26646007250.73; In year 2005, the GDP is 35182707173.82; In year 2006, the GDP is 45263824686.09; In year 2007, the GDP is 59440139774.81; In year 2008, the GDP is 64833088568.39; In year 2009, the GDP is 58315346841.24; In year 2010, the GDP is 74151157011.53; In year 2011, the GDP is 78402841444.95; In year 2012, the GDP is 63196236489.37; In year 2013, the GDP is 66027147864.79; In year 2014, the GDP is 76818773784.76; In year 2015, the GDP is 84984672415.94; In year 2016, the GDP is 102943515502.99; In year 2017, the GDP is 129718581297.43; In year 2018, the GDP is 32333780383.29; In year 2019, the GDP is 32338079165.29; In year 2020, the GDP is 27034593750.0; In year 2021, the GDP is 34229513774.99; In year 2022, the GDP is 51662241775.24; "
How is the GDP chaning in Algeria?,"In year 2000, the GDP is 54790398813.0; In year 2001, the GDP is 54744698044.23; In year 2002, the GDP is 56760355865.01; In year 2003, the GDP is 67863850333.95; In year 2004, the GDP is 85332581188.61; In year 2005, the GDP is 103198211973.24; In year 2006, the GDP is 117027280692.36; In year 2007, the GDP is 134977082623.78; In year 2008, the GDP is 171000699876.75; In year 2009, the GDP is 137211004291.27; In year 2010, the GDP is 161207306304.79; In year 2011, the GDP is 200013097903.17; In year 2012, the GDP is 209059081828.26; In year 2013, the GDP is 209755003250.66; In year 2014, the GDP is 213809980720.79; In year 2015, the GDP is 165979224316.67; In year 2016, the GDP is 160034212613.44; In year 2017, the GDP is 170096989042.83; In year 2018, the GDP is 174910891124.49; In year 2019, the GDP is 171760290068.16; In year 2020, the GDP is 145743722826.26; In year 2021, the GDP is 163472233245.77; In year 2022, the GDP is 191912889420.91; "
How is the GDP chaning in Egypt?,"In year 2000, the GDP is 99838543960.08; In year 2001, the GDP is 96684636118.6; In year 2002, the GDP is 85146067415.73; In year 2003, the GDP is 80288461538.46; In year 2004, the GDP is 78782467532.47; In year 2005, the GDP is 89600665557.4; In year 2006, the GDP is 107426086956.52; In year 2007, the GDP is 130437828371.28; In year 2008, the GDP is 162818181818.18; In year 2009, the GDP is 189147005444.65; In year 2010, the GDP is 218983666061.71; In year 2011, the GDP is 235989672977.62; In year 2012, the GDP is 279116666666.67; In year 2013, the GDP is 288434108527.13; In year 2014, the GDP is 305595408895.27; In year 2015, the GDP is 329366576819.41; In year 2016, the GDP is 332441717791.41; In year 2017, the GDP is 248362771739.13; In year 2018, the GDP is 262588632526.73; In year 2019, the GDP is 318678815489.75; In year 2020, the GDP is 383817841547.1; In year 2021, the GDP is 424671765455.7; In year 2022, the GDP is 476747720364.74; "
How is the GDP chaning in SADR?,"In year 2000, the GDP is ; In year 2001, the GDP is ; In year 2002, the GDP is ; In year 2003, the GDP is ; In year 2004, the GDP is ; In year 2005, the GDP is ; In year 2006, the GDP is ; In year 2007, the GDP is ; In year 2008, the GDP is ; In year 2009, the GDP is ; In year 2010, the GDP is ; In year 2011, the GDP is ; In year 2012, the GDP is ; In year 2013, the GDP is ; In year 2014, the GDP is ; In year 2015, the GDP is ; In year 2016, the GDP is ; In year 2017, the GDP is ; In year 2018, the GDP is ; In year 2019, the GDP is ; In year 2020, the GDP is ; In year 2021, the GDP is ; In year 2022, the GDP is ; "
How is the GDP chaning in Libya?,"In year 2000, the GDP is 38270983031.82; In year 2001, the GDP is 34112079628.57; In year 2002, the GDP is 20481889763.78; In year 2003, the GDP is 26265625000.0; In year 2004, the GDP is 33122307692.31; In year 2005, the GDP is 47334697611.85; In year 2006, the GDP is 60094248771.99; In year 2007, the GDP is 68032985520.27; In year 2008, the GDP is 86710739534.55; In year 2009, the GDP is 60808538330.34; In year 2010, the GDP is 75380800664.42; In year 2011, the GDP is 48169243831.91; In year 2012, the GDP is 92540964665.56; In year 2013, the GDP is 75351117628.31; In year 2014, the GDP is 57372352562.49; In year 2015, the GDP is 48717506272.7; In year 2016, the GDP is 49912085228.35; In year 2017, the GDP is 67157451660.27; In year 2018, the GDP is 76686048499.35; In year 2019, the GDP is 69254143968.34; In year 2020, the GDP is 46808208747.28; In year 2021, the GDP is 39798423941.03; In year 2022, the GDP is 45752336035.98; "
How is the GDP chaning in Morocco?,"In year 2000, the GDP is 43017455401.42; In year 2001, the GDP is 43831480206.45; In year 2002, the GDP is 47077192183.73; In year 2003, the GDP is 58029361338.63; In year 2004, the GDP is 66114147932.39; In year 2005, the GDP is 68852655479.56; In year 2006, the GDP is 75883820424.08; In year 2007, the GDP is 86947909744.6; In year 2008, the GDP is 101822906946.03; In year 2009, the GDP is 101154952243.01; In year 2010, the GDP is 100865325482.24; In year 2011, the GDP is 110080631330.06; In year 2012, the GDP is 106937397478.35; In year 2013, the GDP is 115739288446.8; In year 2014, the GDP is 119130845829.48; In year 2015, the GDP is 110413820681.03; In year 2016, the GDP is 111572946646.54; In year 2017, the GDP is 118540574727.55; In year 2018, the GDP is 127341141871.21; In year 2019, the GDP is 128920265075.53; In year 2020, the GDP is 121347533649.79; In year 2021, the GDP is 142866583124.7; In year 2022, the GDP is 134181587769.8; "
How is the GDP chaning in Tunisia?,"In year 2000, the GDP is 21473522938.68; In year 2001, the GDP is 22065840117.47; In year 2002, the GDP is 23141611178.84; In year 2003, the GDP is 27453895158.94; In year 2004, the GDP is 31183893587.41; In year 2005, the GDP is 32272178403.51; In year 2006, the GDP is 34376664600.59; In year 2007, the GDP is 38915343743.29; In year 2008, the GDP is 44859452038.12; In year 2009, the GDP is 43455740497.31; In year 2010, the GDP is 46206091937.96; In year 2011, the GDP is 48123314430.49; In year 2012, the GDP is 47311411909.7; In year 2013, the GDP is 48685436425.09; In year 2014, the GDP is 50271812920.61; In year 2015, the GDP is 45779494041.93; In year 2016, the GDP is 44360065796.62; In year 2017, the GDP is 42163530590.95; In year 2018, the GDP is 42686509835.53; In year 2019, the GDP is 41905637658.61; In year 2020, the GDP is 42538462678.12; In year 2021, the GDP is 46687298709.35; In year 2022, the GDP is 46664948951.66; "
How is the GDP chaning in Botswana?,"In year 2000, the GDP is 5788329609.16; In year 2001, the GDP is 5489608299.66; In year 2002, the GDP is 5438864269.39; In year 2003, the GDP is 7511582173.38; In year 2004, the GDP is 8957467706.54; In year 2005, the GDP is 9918907108.1; In year 2006, the GDP is 9919158482.41; In year 2007, the GDP is 10567270655.5; In year 2008, the GDP is 10730828592.46; In year 2009, the GDP is 10118459713.7; In year 2010, the GDP is 12637273429.13; In year 2011, the GDP is 15110642875.6; In year 2012, the GDP is 13907464500.15; In year 2013, the GDP is 14271738366.79; In year 2014, the GDP is 15470087926.25; In year 2015, the GDP is 13530749289.79; In year 2016, the GDP is 15082636722.86; In year 2017, the GDP is 16105156375.58; In year 2018, the GDP is 17031943186.14; In year 2019, the GDP is 16725908661.94; In year 2020, the GDP is 14960291540.53; In year 2021, the GDP is 18737066306.97; In year 2022, the GDP is 20352322157.15; "
How is the GDP chaning in Lesotho?,"In year 2000, the GDP is 887291645.3; In year 2001, the GDP is 825706961.24; In year 2002, the GDP is 775777263.09; In year 2003, the GDP is 1157825409.28; In year 2004, the GDP is 1511236655.52; In year 2005, the GDP is 1682343439.31; In year 2006, the GDP is 1800092519.45; In year 2007, the GDP is 1682025303.16; In year 2008, the GDP is 1766820422.48; In year 2009, the GDP is 1740835819.8; In year 2010, the GDP is 2234731973.55; In year 2011, the GDP is 2579421686.25; In year 2012, the GDP is 2477702252.8; In year 2013, the GDP is 2367113170.0; In year 2014, the GDP is 2441063169.48; In year 2015, the GDP is 2359754087.58; In year 2016, the GDP is 2114426468.66; In year 2017, the GDP is 2306741598.8; In year 2018, the GDP is 2556247155.57; In year 2019, the GDP is 2436029587.61; In year 2020, the GDP is 2117736527.8; In year 2021, the GDP is 2373416268.51; In year 2022, the GDP is 2553459762.8; "
How is the GDP chaning in Namibia?,"In year 2000, the GDP is 3922231976.44; In year 2001, the GDP is 3557341284.02; In year 2002, the GDP is 3349169932.3; In year 2003, the GDP is 4926439274.97; In year 2004, the GDP is 6609206506.35; In year 2005, the GDP is 7248375216.59; In year 2006, the GDP is 8001779551.06; In year 2007, the GDP is 8839536893.68; In year 2008, the GDP is 8607431845.2; In year 2009, the GDP is 8938847363.88; In year 2010, the GDP is 11431412421.13; In year 2011, the GDP is 12523359440.55; In year 2012, the GDP is 13042053856.97; In year 2013, the GDP is 12043307277.12; In year 2014, the GDP is 12435430396.19; In year 2015, the GDP is 11335161230.16; In year 2016, the GDP is 10722018975.08; In year 2017, the GDP is 12895153160.47; In year 2018, the GDP is 13682019171.66; In year 2019, the GDP is 12541928102.77; In year 2020, the GDP is 10583748757.33; In year 2021, the GDP is 12446290854.9; In year 2022, the GDP is 12607436975.95; "
How is the GDP chaning in Eswatini?,"In year 2000, the GDP is 1738093756.88; In year 2001, the GDP is 1542477308.89; In year 2002, the GDP is 1432221784.42; In year 2003, the GDP is 2197598417.84; In year 2004, the GDP is 2770082791.5; In year 2005, the GDP is 3178112332.09; In year 2006, the GDP is 3291329938.16; In year 2007, the GDP is 3469381231.49; In year 2008, the GDP is 3294084181.24; In year 2009, the GDP is 3580427985.95; In year 2010, the GDP is 4438765109.49; In year 2011, the GDP is 4820478592.34; In year 2012, the GDP is 4886551706.18; In year 2013, the GDP is 4597552948.65; In year 2014, the GDP is 4422986447.49; In year 2015, the GDP is 4063245671.29; In year 2016, the GDP is 3816019222.86; In year 2017, the GDP is 4402969225.92; In year 2018, the GDP is 4666598023.92; In year 2019, the GDP is 4466214522.2; In year 2020, the GDP is 3982236726.37; In year 2021, the GDP is 4748702400.66; In year 2022, the GDP is 4854167638.37; "
How is the GDP chaning in South Africa?,"In year 2000, the GDP is 151752749926.33; In year 2001, the GDP is 135429908544.34; In year 2002, the GDP is 129087560694.62; In year 2003, the GDP is 197018960967.97; In year 2004, the GDP is 255806928394.81; In year 2005, the GDP is 288867202055.14; In year 2006, the GDP is 303858667884.84; In year 2007, the GDP is 333077117253.68; In year 2008, the GDP is 316131245860.68; In year 2009, the GDP is 329754054488.85; In year 2010, the GDP is 417363825016.29; In year 2011, the GDP is 458199486480.58; In year 2012, the GDP is 434400545085.81; In year 2013, the GDP is 400886013595.57; In year 2014, the GDP is 381198869776.11; In year 2015, the GDP is 346709790458.56; In year 2016, the GDP is 323585509674.48; In year 2017, the GDP is 381448814653.46; In year 2018, the GDP is 404158882459.02; In year 2019, the GDP is 388531226582.35; In year 2020, the GDP is 337619569570.51; In year 2021, the GDP is 419015636064.71; In year 2022, the GDP is 405869718462.34; "
How is the GDP chaning in Angola?,"In year 2000, the GDP is 9129594818.61; In year 2001, the GDP is 8936079252.77; In year 2002, the GDP is 15285592487.42; In year 2003, the GDP is 17812704626.23; In year 2004, the GDP is 23552057820.46; In year 2005, the GDP is 36970901025.2; In year 2006, the GDP is 52381025105.22; In year 2007, the GDP is 65266415706.97; In year 2008, the GDP is 88538664888.2; In year 2009, the GDP is 70307196477.08; In year 2010, the GDP is 81699526880.81; In year 2011, the GDP is 109436566876.42; In year 2012, the GDP is 124998210652.24; In year 2013, the GDP is 133401582620.49; In year 2014, the GDP is 137244439121.37; In year 2015, the GDP is 87219300384.51; In year 2016, the GDP is 49840491178.15; In year 2017, the GDP is 68972769395.63; In year 2018, the GDP is 77792944471.95; In year 2019, the GDP is 69309110145.77; In year 2020, the GDP is 50241368243.63; In year 2021, the GDP is 65685435100.5; In year 2022, the GDP is 106713618735.43; "
How is the GDP chaning in Gabon?,"In year 2000, the GDP is 5080483628.31; In year 2001, the GDP is 5023265411.48; In year 2002, the GDP is 5335451103.76; In year 2003, the GDP is 6511903363.54; In year 2004, the GDP is 7770219003.92; In year 2005, the GDP is 9582783997.22; In year 2006, the GDP is 10327598308.53; In year 2007, the GDP is 12455409574.94; In year 2008, the GDP is 15571348329.23; In year 2009, the GDP is 12113699059.46; In year 2010, the GDP is 14372593013.81; In year 2011, the GDP is 18210307754.44; In year 2012, the GDP is 17170464000.78; In year 2013, the GDP is 17595744803.6; In year 2014, the GDP is 18203966900.44; In year 2015, the GDP is 14383107763.12; In year 2016, the GDP is 14023890263.88; In year 2017, the GDP is 14929487495.76; In year 2018, the GDP is 16867326389.87; In year 2019, the GDP is 16874405460.2; In year 2020, the GDP is 15314577167.82; In year 2021, the GDP is 20217946921.21; In year 2022, the GDP is 21071739227.94; "
How is the GDP chaning in Cameroon?,"In year 2000, the GDP is 10566579294.52; In year 2001, the GDP is 10953485345.22; In year 2002, the GDP is 12417251341.6; In year 2003, the GDP is 15970315030.24; In year 2004, the GDP is 18826214125.23; In year 2005, the GDP is 19509852219.33; In year 2006, the GDP is 20910512978.17; In year 2007, the GDP is 23928250410.06; In year 2008, the GDP is 27715142005.57; In year 2009, the GDP is 27932970297.06; In year 2010, the GDP is 27507501809.24; In year 2011, the GDP is 30630910513.06; In year 2012, the GDP is 30155062302.84; In year 2013, the GDP is 33728621190.21; In year 2014, the GDP is 36386544716.08; In year 2015, the GDP is 32210233021.57; In year 2016, the GDP is 33814337040.78; In year 2017, the GDP is 36098547058.79; In year 2018, the GDP is 39973842058.57; In year 2019, the GDP is 39670976440.32; In year 2020, the GDP is 40773241211.69; In year 2021, the GDP is 45338285386.1; In year 2022, the GDP is 44341646509.22; "
How is the GDP chaning in Democratic Republic of the Congo?,"In year 2000, the GDP is 19088046305.8; In year 2001, the GDP is 7438189100.33; In year 2002, the GDP is 8728038525.14; In year 2003, the GDP is 8937567059.88; In year 2004, the GDP is 10297483481.22; In year 2005, the GDP is 11964484457.52; In year 2006, the GDP is 14451901696.39; In year 2007, the GDP is 16737071816.38; In year 2008, the GDP is 19788515579.05; In year 2009, the GDP is 18648372544.8; In year 2010, the GDP is 21565721036.36; In year 2011, the GDP is 25839749198.82; In year 2012, the GDP is 29306235295.34; In year 2013, the GDP is 32679745036.27; In year 2014, the GDP is 35909040943.89; In year 2015, the GDP is 37917706485.59; In year 2016, the GDP is 37134801548.84; In year 2017, the GDP is 38019264804.51; In year 2018, the GDP is 47568210020.93; In year 2019, the GDP is 51775829868.77; In year 2020, the GDP is 48716961864.54; In year 2021, the GDP is 55350968593.06; In year 2022, the GDP is 58065953573.32; "
How is the GDP chaning in Republic of the Congo?,"In year 2000, the GDP is 3227927697.44; In year 2001, the GDP is 2796704603.04; In year 2002, the GDP is 3034250926.18; In year 2003, the GDP is 3503723086.7; In year 2004, the GDP is 4656974937.55; In year 2005, the GDP is 6650001684.9; In year 2006, the GDP is 8072305030.68; In year 2007, the GDP is 8782703427.96; In year 2008, the GDP is 11649857662.14; In year 2009, the GDP is 9723299908.19; In year 2010, the GDP is 13148396205.67; In year 2011, the GDP is 15655383585.99; In year 2012, the GDP is 17692911280.56; In year 2013, the GDP is 17958720704.46; In year 2014, the GDP is 17912907682.07; In year 2015, the GDP is 11890259176.68; In year 2016, the GDP is 10219341017.14; In year 2017, the GDP is 11094823676.59; In year 2018, the GDP is 13670038019.86; In year 2019, the GDP is 12750338736.17; In year 2020, the GDP is 10483151093.69; In year 2021, the GDP is 13366230821.33; In year 2022, the GDP is 14615532210.05; "
How is the GDP chaning in Sao Tome and Principe?,"In year 2000, the GDP is ; In year 2001, the GDP is 75951131.95; In year 2002, the GDP is 85171073.88; In year 2003, the GDP is 102085765.48; In year 2004, the GDP is 114582281.99; In year 2005, the GDP is 136450658.08; In year 2006, the GDP is 142775109.82; In year 2007, the GDP is 149146918.89; In year 2008, the GDP is 188021169.27; In year 2009, the GDP is 187821029.43; In year 2010, the GDP is 196652514.27; In year 2011, the GDP is 231489270.14; In year 2012, the GDP is 250680845.75; In year 2013, the GDP is 300554483.61; In year 2014, the GDP is 346528329.18; In year 2015, the GDP is 316066072.34; In year 2016, the GDP is 345495614.98; In year 2017, the GDP is 375614126.19; In year 2018, the GDP is 412253809.73; In year 2019, the GDP is 427425039.68; In year 2020, the GDP is 472551023.61; In year 2021, the GDP is 526653790.67; In year 2022, the GDP is 546680341.65; "
How is the GDP chaning in Central African Republic?,"In year 2000, the GDP is 916777282.65; In year 2001, the GDP is 932648604.42; In year 2002, the GDP is 996068145.61; In year 2003, the GDP is 1142315522.2; In year 2004, the GDP is 1272360516.62; In year 2005, the GDP is 1337894379.63; In year 2006, the GDP is 1461859762.63; In year 2007, the GDP is 1699811293.26; In year 2008, the GDP is 1993407886.56; In year 2009, the GDP is 2067381663.75; In year 2010, the GDP is 2142591539.44; In year 2011, the GDP is 2437982706.57; In year 2012, the GDP is 2510126510.0; In year 2013, the GDP is 1691544110.69; In year 2014, the GDP is 1894813389.88; In year 2015, the GDP is 1695825714.24; In year 2016, the GDP is 1825018144.46; In year 2017, the GDP is 2072349974.15; In year 2018, the GDP is 2220979144.52; In year 2019, the GDP is 2221301350.76; In year 2020, the GDP is 2326720902.36; In year 2021, the GDP is 2516498412.31; In year 2022, the GDP is 2382618615.36; "
How is the GDP chaning in Chad?,"In year 2000, the GDP is 1388506771.53; In year 2001, the GDP is 1710843376.39; In year 2002, the GDP is 1997005710.27; In year 2003, the GDP is 2742815070.76; In year 2004, the GDP is 4422855658.38; In year 2005, the GDP is 6649307528.06; In year 2006, the GDP is 7428701455.41; In year 2007, the GDP is 8650137734.72; In year 2008, the GDP is 10393833755.28; In year 2009, the GDP is 9290728312.24; In year 2010, the GDP is 10668103549.31; In year 2011, the GDP is 12172308858.3; In year 2012, the GDP is 12367362746.13; In year 2013, the GDP is 12953534870.3; In year 2014, the GDP is 13940767222.11; In year 2015, the GDP is 10950392257.28; In year 2016, the GDP is 10097778097.1; In year 2017, the GDP is 10000394388.12; In year 2018, the GDP is 11239167890.28; In year 2019, the GDP is 11314951088.25; In year 2020, the GDP is 10715396051.44; In year 2021, the GDP is 11779981332.16; In year 2022, the GDP is 12704149842.04; "
How is the GDP chaning in Equatorial Guinea?,"In year 2000, the GDP is 1045998496.44; In year 2001, the GDP is 1461139022.03; In year 2002, the GDP is 1806742742.27; In year 2003, the GDP is 2484745935.09; In year 2004, the GDP is 4410764338.67; In year 2005, the GDP is 8217369092.65; In year 2006, the GDP is 10086528698.86; In year 2007, the GDP is 13071718758.74; In year 2008, the GDP is 19749893536.32; In year 2009, the GDP is 15027795173.22; In year 2010, the GDP is 16314443428.94; In year 2011, the GDP is 21357343681.89; In year 2012, the GDP is 22388344123.99; In year 2013, the GDP is 21948834290.35; In year 2014, the GDP is 21765453087.48; In year 2015, the GDP is 13185496881.41; In year 2016, the GDP is 11240808846.69; In year 2017, the GDP is 12200913887.64; In year 2018, the GDP is 13097012124.23; In year 2019, the GDP is 11364133546.25; In year 2020, the GDP is 10099157995.58; In year 2021, the GDP is 12269393392.16; In year 2022, the GDP is 11813908447.81; "
How is the GDP chaning in Benin?,"In year 2000, the GDP is 3519991440.32; In year 2001, the GDP is 3666222633.84; In year 2002, the GDP is 4194342689.26; In year 2003, the GDP is 5349258092.89; In year 2004, the GDP is 6190270377.08; In year 2005, the GDP is 6567654958.75; In year 2006, the GDP is 7034111316.3; In year 2007, the GDP is 8169048374.71; In year 2008, the GDP is 9787734516.74; In year 2009, the GDP is 9738626509.93; In year 2010, the GDP is 9535345011.49; In year 2011, the GDP is 10693321370.04; In year 2012, the GDP is 11141358105.99; In year 2013, the GDP is 12517845127.68; In year 2014, the GDP is 13284527850.26; In year 2015, the GDP is 11388160997.11; In year 2016, the GDP is 11821065852.13; In year 2017, the GDP is 12701655845.96; In year 2018, the GDP is 14262408079.7; In year 2019, the GDP is 14391686309.03; In year 2020, the GDP is 15651545208.88; In year 2021, the GDP is 17690083519.93; In year 2022, the GDP is 17401746309.27; "
How is the GDP chaning in Burkina Faso?,"In year 2000, the GDP is 2968370087.47; In year 2001, the GDP is 3190371079.81; In year 2002, the GDP is 3622350065.59; In year 2003, the GDP is 4740768141.27; In year 2004, the GDP is 5451688534.6; In year 2005, the GDP is 6146353177.43; In year 2006, the GDP is 6547419821.69; In year 2007, the GDP is 7625722829.18; In year 2008, the GDP is 9451435480.94; In year 2009, the GDP is 9450696866.48; In year 2010, the GDP is 10109619736.14; In year 2011, the GDP is 12080295984.77; In year 2012, the GDP is 12561015145.39; In year 2013, the GDP is 13444300489.86; In year 2014, the GDP is 13943016080.26; In year 2015, the GDP is 11832159315.98; In year 2016, the GDP is 12833363043.97; In year 2017, the GDP is 14106955625.36; In year 2018, the GDP is 15890066209.9; In year 2019, the GDP is 16178161666.13; In year 2020, the GDP is 17933606212.63; In year 2021, the GDP is 19737616003.02; In year 2022, the GDP is 18884619613.44; "
How is the GDP chaning in Gambia?,"In year 2000, the GDP is 782913865.99; In year 2001, the GDP is 687410630.46; In year 2002, the GDP is 578235309.33; In year 2003, the GDP is 487038679.36; In year 2004, the GDP is 961900640.75; In year 2005, the GDP is 1027701055.57; In year 2006, the GDP is 1054112487.74; In year 2007, the GDP is 1279703029.87; In year 2008, the GDP is 1561766955.73; In year 2009, the GDP is 1450142497.46; In year 2010, the GDP is 1543294945.46; In year 2011, the GDP is 1409693594.06; In year 2012, the GDP is 1415004743.18; In year 2013, the GDP is 1375609459.78; In year 2014, the GDP is 1229461731.7; In year 2015, the GDP is 1378176605.94; In year 2016, the GDP is 1484578897.16; In year 2017, the GDP is 1504909447.77; In year 2018, the GDP is 1670671340.38; In year 2019, the GDP is 1813609679.15; In year 2020, the GDP is 1812170878.31; In year 2021, the GDP is 2038414973.57; In year 2022, the GDP is 2273060863.14; "
How is the GDP chaning in Ghana?,"In year 2000, the GDP is 4982849054.03; In year 2001, the GDP is 5314871683.52; In year 2002, the GDP is 6166197191.77; In year 2003, the GDP is 7632720680.28; In year 2004, the GDP is 8881419348.22; In year 2005, the GDP is 10744562614.75; In year 2006, the GDP is 20885042153.02; In year 2007, the GDP is 24827333947.38; In year 2008, the GDP is 28679383241.07; In year 2009, the GDP is 26048726185.67; In year 2010, the GDP is 32197648061.17; In year 2011, the GDP is 39336668080.56; In year 2012, the GDP is 41271708599.71; In year 2013, the GDP is 62824629066.04; In year 2014, the GDP is 54783320576.89; In year 2015, the GDP is 49406014245.43; In year 2016, the GDP is 56164933479.4; In year 2017, the GDP is 60405920071.1; In year 2018, the GDP is 67298913752.02; In year 2019, the GDP is 68337974418.77; In year 2020, the GDP is 70043095503.25; In year 2021, the GDP is 79156409409.86; In year 2022, the GDP is 72838798787.71; "
How is the GDP chaning in Guinea?,"In year 2000, the GDP is 2995361112.05; In year 2001, the GDP is 2829435908.16; In year 2002, the GDP is 2950198723.61; In year 2003, the GDP is 3446441784.82; In year 2004, the GDP is 3635458213.66; In year 2005, the GDP is 2937071740.39; In year 2006, the GDP is 4220019242.75; In year 2007, the GDP is 6281917649.67; In year 2008, the GDP is 6964179187.54; In year 2009, the GDP is 6716904516.3; In year 2010, the GDP is 6853467832.68; In year 2011, the GDP is 6785137215.23; In year 2012, the GDP is 7638045225.64; In year 2013, the GDP is 8376613880.26; In year 2014, the GDP is 8778473643.02; In year 2015, the GDP is 8794202394.72; In year 2016, the GDP is 8595955600.79; In year 2017, the GDP is 10324668270.88; In year 2018, the GDP is 11857030366.46; In year 2019, the GDP is 13442861496.57; In year 2020, the GDP is 14177835840.83; In year 2021, the GDP is 16091817842.23; In year 2022, the GDP is 21227749388.73; "
How is the GDP chaning in Guinea-Bissau?,"In year 2000, the GDP is 371095522.05; In year 2001, the GDP is 392621389.51; In year 2002, the GDP is 417806651.12; In year 2003, the GDP is 477458577.16; In year 2004, the GDP is 532062894.8; In year 2005, the GDP is 587029096.03; In year 2006, the GDP is 592365659.82; In year 2007, the GDP is 696910784.02; In year 2008, the GDP is 868154627.87; In year 2009, the GDP is 830126428.79; In year 2010, the GDP is 849878489.11; In year 2011, the GDP is 1099818591.96; In year 2012, the GDP is 989271155.13; In year 2013, the GDP is 1046087367.45; In year 2014, the GDP is 1054915581.37; In year 2015, the GDP is 1048229633.0; In year 2016, the GDP is 1179004911.26; In year 2017, the GDP is 1350177012.25; In year 2018, the GDP is 1504630233.69; In year 2019, the GDP is 1439638411.0; In year 2020, the GDP is 1431758231.68; In year 2021, the GDP is 1638517606.89; In year 2022, the GDP is 1633559092.07; "
How is the GDP chaning in Cape Verde?,"In year 2000, the GDP is 539227277.63; In year 2001, the GDP is 563090488.85; In year 2002, the GDP is 620507385.7; In year 2003, the GDP is 813260468.87; In year 2004, the GDP is 924940012.86; In year 2005, the GDP is 972241682.1; In year 2006, the GDP is 1107571459.02; In year 2007, the GDP is 1649621735.41; In year 2008, the GDP is 1959620652.51; In year 2009, the GDP is 1852334581.48; In year 2010, the GDP is 1824751459.69; In year 2011, the GDP is 2046817974.91; In year 2012, the GDP is 1913081206.32; In year 2013, the GDP is 2028910915.16; In year 2014, the GDP is 2041930125.43; In year 2015, the GDP is 1749857628.41; In year 2016, the GDP is 1849789992.74; In year 2017, the GDP is 1996741544.62; In year 2018, the GDP is 2205099509.16; In year 2019, the GDP is 2266752197.43; In year 2020, the GDP is 1878277311.23; In year 2021, the GDP is 2091741774.11; In year 2022, the GDP is 2314816792.06; "
How is the GDP chaning in Ivory Coast?,"In year 2000, the GDP is ; In year 2001, the GDP is ; In year 2002, the GDP is ; In year 2003, the GDP is ; In year 2004, the GDP is ; In year 2005, the GDP is ; In year 2006, the GDP is ; In year 2007, the GDP is ; In year 2008, the GDP is ; In year 2009, the GDP is ; In year 2010, the GDP is ; In year 2011, the GDP is ; In year 2012, the GDP is ; In year 2013, the GDP is ; In year 2014, the GDP is ; In year 2015, the GDP is ; In year 2016, the GDP is ; In year 2017, the GDP is ; In year 2018, the GDP is ; In year 2019, the GDP is ; In year 2020, the GDP is ; In year 2021, the GDP is ; In year 2022, the GDP is ; "
How is the GDP chaning in Liberia?,"In year 2000, the GDP is 874000000.0; In year 2001, the GDP is 906000000.0; In year 2002, the GDP is 927000000.0; In year 2003, the GDP is 748000000.0; In year 2004, the GDP is 897000000.0; In year 2005, the GDP is 949000000.0; In year 2006, the GDP is 1119000000.0; In year 2007, the GDP is 1373000000.0; In year 2008, the GDP is 1726000000.0; In year 2009, the GDP is 1768000000.0; In year 2010, the GDP is 1998000000.0; In year 2011, the GDP is 2398000000.0; In year 2012, the GDP is 2791614000.0; In year 2013, the GDP is 3177198100.0; In year 2014, the GDP is 3225652000.0; In year 2015, the GDP is 3227075700.0; In year 2016, the GDP is 3398419600.0; In year 2017, the GDP is 3390703400.0; In year 2018, the GDP is 3422754800.0; In year 2019, the GDP is 3319596500.0; In year 2020, the GDP is 3039982500.0; In year 2021, the GDP is 3509000000.0; In year 2022, the GDP is 4001047150.0; "
How is the GDP chaning in Mauritania?,"In year 2000, the GDP is 1779520861.64; In year 2001, the GDP is 1746063580.38; In year 2002, the GDP is 1777057503.06; In year 2003, the GDP is 2051147606.74; In year 2004, the GDP is 2362501023.24; In year 2005, the GDP is 2936019525.6; In year 2006, the GDP is 3919577285.93; In year 2007, the GDP is 4346212411.05; In year 2008, the GDP is 5206437120.95; In year 2009, the GDP is 4714595487.85; In year 2010, the GDP is 5628878865.99; In year 2011, the GDP is 6764627665.69; In year 2012, the GDP is 6728208836.22; In year 2013, the GDP is 7223071177.16; In year 2014, the GDP is 6592537781.82; In year 2015, the GDP is 6166863960.0; In year 2016, the GDP is 6398741855.76; In year 2017, the GDP is 6800138755.35; In year 2018, the GDP is 7473550557.07; In year 2019, the GDP is 8066118984.31; In year 2020, the GDP is 8405498735.74; In year 2021, the GDP is 9996240418.71; In year 2022, the GDP is 10375460680.44; "
How is the GDP chaning in Mali?,"In year 2000, the GDP is 2961484953.73; In year 2001, the GDP is 3468337941.09; In year 2002, the GDP is 3908121309.86; In year 2003, the GDP is 4714071978.29; In year 2004, the GDP is 5454249122.71; In year 2005, the GDP is 6247515892.3; In year 2006, the GDP is 6905934219.29; In year 2007, the GDP is 8156468818.01; In year 2008, the GDP is 9838403090.96; In year 2009, the GDP is 10231962382.78; In year 2010, the GDP is 10689168011.44; In year 2011, the GDP is 12995112698.01; In year 2012, the GDP is 12442035328.04; In year 2013, the GDP is 13242690790.06; In year 2014, the GDP is 14364937127.7; In year 2015, the GDP is 13104764378.71; In year 2016, the GDP is 14026048334.21; In year 2017, the GDP is 15365713059.11; In year 2018, the GDP is 17070867577.67; In year 2019, the GDP is 17280250805.22; In year 2020, the GDP is 17465392779.04; In year 2021, the GDP is 19309463505.98; In year 2022, the GDP is 18827176532.32; "
How is the GDP chaning in Niger?,"In year 2000, the GDP is 2241753192.71; In year 2001, the GDP is 2448714703.1; In year 2002, the GDP is 2782192880.69; In year 2003, the GDP is 3394084731.49; In year 2004, the GDP is 3760443735.46; In year 2005, the GDP is 4383315967.5; In year 2006, the GDP is 4756361253.33; In year 2007, the GDP is 5731485046.09; In year 2008, the GDP is 7297600218.92; In year 2009, the GDP is 7352131304.4; In year 2010, the GDP is 7851192498.77; In year 2011, the GDP is 8772950783.02; In year 2012, the GDP is 9426912639.2; In year 2013, the GDP is 10224897440.92; In year 2014, the GDP is 10862943546.29; In year 2015, the GDP is 9683867926.73; In year 2016, the GDP is 10398861980.65; In year 2017, the GDP is 11185101444.37; In year 2018, the GDP is 12808661487.4; In year 2019, the GDP is 12916454870.55; In year 2020, the GDP is 13744174582.25; In year 2021, the GDP is 14915002098.5; In year 2022, the GDP is 13969605582.52; "
How is the GDP chaning in Nigeria?,"In year 2000, the GDP is 69448962760.88; In year 2001, the GDP is 74030562269.97; In year 2002, the GDP is 95054094655.33; In year 2003, the GDP is 104738980156.96; In year 2004, the GDP is 135764715375.21; In year 2005, the GDP is 175670536601.01; In year 2006, the GDP is 238454952231.57; In year 2007, the GDP is 278260808841.03; In year 2008, the GDP is 339476215683.59; In year 2009, the GDP is 295008767295.04; In year 2010, the GDP is 366990528103.08; In year 2011, the GDP is 414466540786.74; In year 2012, the GDP is 463971000388.61; In year 2013, the GDP is 520117163617.72; In year 2014, the GDP is 574183825592.36; In year 2015, the GDP is 493026782401.56; In year 2016, the GDP is 404649048648.03; In year 2017, the GDP is 375745732274.68; In year 2018, the GDP is 421739210176.15; In year 2019, the GDP is 474517470742.75; In year 2020, the GDP is 432198936002.18; In year 2021, the GDP is 440833583992.49; In year 2022, the GDP is 477386120635.84; "
"How is the GDP chaning in Saint Helena, Ascension and Tristan da Cunha?","In year 2000, the GDP is ; In year 2001, the GDP is ; In year 2002, the GDP is ; In year 2003, the GDP is ; In year 2004, the GDP is ; In year 2005, the GDP is ; In year 2006, the GDP is ; In year 2007, the GDP is ; In year 2008, the GDP is ; In year 2009, the GDP is ; In year 2010, the GDP is ; In year 2011, the GDP is ; In year 2012, the GDP is ; In year 2013, the GDP is ; In year 2014, the GDP is ; In year 2015, the GDP is ; In year 2016, the GDP is ; In year 2017, the GDP is ; In year 2018, the GDP is ; In year 2019, the GDP is ; In year 2020, the GDP is ; In year 2021, the GDP is ; In year 2022, the GDP is ; "
How is the GDP chaning in Senegal?,"In year 2000, the GDP is 6013185003.71; In year 2001, the GDP is 6507824826.95; In year 2002, the GDP is 7006402324.85; In year 2003, the GDP is 8768721560.57; In year 2004, the GDP is 10076816661.05; In year 2005, the GDP is 11009033445.25; In year 2006, the GDP is 11697918245.35; In year 2007, the GDP is 13994218399.03; In year 2008, the GDP is 16853989611.19; In year 2009, the GDP is 16145867483.22; In year 2010, the GDP is 16121315901.81; In year 2011, the GDP is 17814283649.94; In year 2012, the GDP is 17660870395.81; In year 2013, the GDP is 18918667730.54; In year 2014, the GDP is 19797253445.27; In year 2015, the GDP is 17774766696.7; In year 2016, the GDP is 19040312331.16; In year 2017, the GDP is 20996562958.5; In year 2018, the GDP is 23116701539.56; In year 2019, the GDP is 23403995984.93; In year 2020, the GDP is 24530513058.59; In year 2021, the GDP is 27569136728.26; In year 2022, the GDP is 27684430244.49; "
How is the GDP chaning in Sierra Leone?,"In year 2000, the GDP is 635874002.2; In year 2001, the GDP is 1074851475.18; In year 2002, the GDP is 1236235826.58; In year 2003, the GDP is 1369685676.56; In year 2004, the GDP is 1430217080.66; In year 2005, the GDP is 1627058706.48; In year 2006, the GDP is 1862116164.8; In year 2007, the GDP is 2126679686.07; In year 2008, the GDP is 2451896681.91; In year 2009, the GDP is 2419014960.2; In year 2010, the GDP is 2578159479.9; In year 2011, the GDP is 2932274241.97; In year 2012, the GDP is 3789251962.28; In year 2013, the GDP is 4920343203.3; In year 2014, the GDP is 5015180836.19; In year 2015, the GDP is 4252029353.82; In year 2016, the GDP is 3862721204.61; In year 2017, the GDP is 3719443317.52; In year 2018, the GDP is 4085114542.07; In year 2019, the GDP is 4076578653.55; In year 2020, the GDP is 4062906363.56; In year 2021, the GDP is 4249234573.99; In year 2022, the GDP is 3970343852.32; "
How is the GDP chaning in Togo?,"In year 2000, the GDP is 2027363116.95; In year 2001, the GDP is 2014516700.53; In year 2002, the GDP is 2319268823.41; In year 2003, the GDP is 2875255592.54; In year 2004, the GDP is 3071152629.3; In year 2005, the GDP is 3100356551.93; In year 2006, the GDP is 3195618966.31; In year 2007, the GDP is 3618281293.08; In year 2008, the GDP is 4516616223.91; In year 2009, the GDP is 4592147227.91; In year 2010, the GDP is 4660369658.37; In year 2011, the GDP is 5262368232.3; In year 2012, the GDP is 5263522037.23; In year 2013, the GDP is 5872790935.49; In year 2014, the GDP is 6217047648.64; In year 2015, the GDP is 5681469374.1; In year 2016, the GDP is 6031632014.86; In year 2017, the GDP is 6395472028.24; In year 2018, the GDP is 7029217931.75; In year 2019, the GDP is 6992656428.94; In year 2020, the GDP is 7389329392.77; In year 2021, the GDP is 8334047485.51; In year 2022, the GDP is 8126439480.61; "
